customer_id,name,email
C0001,Seth Neal,bradley39@galloway.info
C0002,Joseph Shah,jeremy54@silva.com
C0003,Randy Miller,gina77@parker.com
C0004,Charles Gomez,markbryant@hotmail.com
C0005,Ashley Harris,cmason@morrow.net
C0006,Corey Perez,donnaweeks@scott.com
C0007,Chad West,maxtaylor@cook.com
C0008,Tim Morales,annette82@rosales.com
C0009,Adam Delgado,vtaylor@rogers.com
C0010,Luis Perez,traviscarter@gmail.com
C0011,Mary Blair,ebutler@hotmail.com
C0012,Oscar Garcia,pagejessica@anderson-myers.com
C0013,Kenneth Hawkins,gcunningham@hotmail.com
C0014,Dalton Harrison,whitney77@black.biz
C0015,Cassandra Reed,john29@yahoo.com
C0016,Jason Mills,jacob56@hotmail.com
C0017,Amy Blake,goldenchristopher@jones.net
C0018,George Carter,beth90@yahoo.com
C0019,Ryan Allen,barkertyler@yahoo.com
C0020,Ashley Lambert,thomas70@baxter-myers.com
C0021,David Mcmillan,lwood@yahoo.com
C0022,James Gonzalez,mpark@johnson.com
C0023,Trevor Taylor,amy47@ortiz-gutierrez.com
C0024,Megan Wilkinson,vegamary@hotmail.com
C0025,David Hernandez,anthonysharon@reynolds-mann.biz
C0026,Glenda Mayo,lucerodominique@gmail.com
C0027,Ashley Pham,ecampbell@hotmail.com
C0028,Adam Nolan,shubbard@roth.com
C0029,Brenda Alexander,byrdbrittany@jackson.info
C0030,Sean Rivas,curtishoward@warren.com
C0031,Denise Garrett,juliejones@richards.com
C0032,Eric Green,xrogers@page-payne.com
C0033,Karen Hancock,rangelamy@hotmail.com
C0034,Shane Jones,joannamunoz@wheeler.info
C0035,Rebecca Lara,jack26@reed.com
C0036,Jessica Reyes,brockalbert@miller.info
C0037,Timothy Harris,xpatterson@yahoo.com
C0038,Keith Gomez,delgadokelly@thompson.net
C0039,Michelle Rodriguez,dscott@gmail.com
C0040,Beth Ross,jessicakim@hotmail.com
C0041,Eric Lynch,wigginsmartin@white.biz
C0042,Brianna White,warnermark@carter.biz
C0043,Eddie Price,rodriguezjose@sanders-smith.com
C0044,Donna Rivera,katherinesmith@yahoo.com
C0045,Travis Knight,kayla93@hotmail.com
C0046,Sharon Tate,dustinbrown@martin.com
C0047,Alisha Huffman,josephbrandon@hotmail.com
C0048,Jacqueline Adams,vfranklin@griffith.com
C0049,Joshua Willis,vdoyle@gmail.com
C0050,Nichole Gomez,michael10@hensley.net
C0051,Amanda Cox,byrdcrystal@gmail.com
C0052,Wanda Hayden,michele22@yahoo.com
C0053,Richard Lewis,evansmonique@mcmillan.net
C0054,Megan Anderson,william28@simmons.net
C0055,Savannah Davis,christopher56@williamson.com
C0056,Monica Parker,xfuentes@perez.biz
C0057,Christopher Frank,lbowers@reed-mcdaniel.biz
C0058,Michael Martinez,joshuaperez@gmail.com
C0059,Sherri Chapman,nicholassanders@dyer.biz
C0060,Joseph Perry,pmason@cruz-anderson.net
C0061,Tammy Johnson,ghenry@hotmail.com
C0062,Holly Cox,wheelertammy@yahoo.com
C0063,Mr. Alexander Hall,woodsrobert@tucker-short.com
C0064,Douglas Oconnor,lorettaduran@gmail.com
C0065,Richard Ibarra,miranda24@butler.com
C0066,Bradley Barrett,michaelhernandez@hernandez.biz
C0067,Victor Williams,katrina27@cain.biz
C0068,Gregory Jimenez,robinsonronald@barnes.com
C0069,Jeffrey Pacheco,jjackson@johnson.info
C0070,Arthur Gomez,corey84@jimenez-hale.com
C0071,Paul Rojas,adriansilva@mcmahon.com
C0072,Kristopher Garcia,wparker@yahoo.com
C0073,Noah Parker,qperez@young.info
C0074,Eric Glass,kristenjohnson@sullivan-payne.org
C0075,Michael Ruiz,isaac38@townsend-ford.com
C0076,Jessica Adams,murphycynthia@gmail.com
C0077,Karen Wade,jeffreyoconnor@hotmail.com
C0078,Kathleen Gray,jacobhumphrey@austin.com
C0079,Jennifer King,stephenkelly@pham.com
C0080,Elizabeth Perez,lauren23@gmail.com
C0081,John Davis,wattsjeffrey@graham-lewis.com
C0082,Robert Best,harpermonica@joseph.com
C0083,Tommy Parks,jessicaholland@allen.com
C0084,Brooke Cohen,robinsonjonathan@abbott.com
C0085,Heather Ayers,brian43@anderson-malone.biz
C0086,Jennifer Quinn,vpham@hotmail.com
C0087,Kristie Guerrero,schen@rodriguez.org
C0088,Isaac Davis,phillipsalan@watson-gonzalez.biz
C0089,Brian Andrews,reynoldsmelissa@yahoo.com
C0090,Henry Gilmore,jermaine71@gmail.com
C0091,Jim Herrera,clarkedean@miller.biz
C0092,Kevin Murphy,sallen@larson-thompson.com
C0093,James Walker,briannahendrix@gmail.com
C0094,Danielle Green,theodore02@jackson-jimenez.info
C0095,Thomas Hill,garymayo@yahoo.com
C0096,Jillian Osborn,kevinlopez@hotmail.com
C0097,Andre Salazar,aaronhodge@yahoo.com
C0098,Theodore Blankenship,regina22@hotmail.com
C0099,Joshua Miller,brianwhite@gmail.com
C0100,Brian Mclean,manningmary@hotmail.com
